{"\u5916\u5f62\u5916\u89c2": {"pos": {"3": 0.2290045841281044, "4": 0.2161317303703667, "5": 0.21710762589579174, "6": 0.24014134556175715, "7": 0.23460239247233644, "8": 0.2586436705080484, "9": 0.27054584506974105}, "neg": {"3": 0.4933748571796219, "4": 0.4342984088280405, "5": 0.4446474708747477, "6": 0.42833077191288393, "7": 0.43557311657430525, "8": 0.41772748355304473, "9": 0.4004703707291138}}, "\u6052\u6e29\u6548\u679c": {"pos": {"3": 0.29896383026021756, "4": 0.2949903934274608, "5": 0.28974294947615425, "6": 0.2895272299465048, "7": 0.336245033794328, "8": 0.3160395192166254, "9": 0.34281997621240845}, "neg": {"3": 0.5101683357255561, "4": 0.505297202131301, "5": 0.46629106414276117, "6": 0.47800222874737935, "7": 0.4718992258696663, "8": 0.5095328066523667, "9": 0.5533552632554808}}, "\u566a\u97f3\u5927\u5c0f": {"pos": {"3": 0.4698591062991933, "4": 0.46260411804357937, "5": 0.4751934341468293, "6": 0.4411924191947057, "7": 0.44315924410116153, "8": 0.4559429858214452, "9": 0.478818404919669}, "neg": {"3": 0.5858366376803948, "4": 0.5746587959859414, "5": 0.5716672466305435, "6": 0.5641508083074901, "7": 0.5308815543661072, "8": 0.5091264128913725, "9": 0.5354497555666351}}, "\u51fa\u6c34\u901f\u5ea6": {"pos": {"3": 0.41855932943025226, "4": 0.3897168498822113, "5": 0.3624327144390659, "6": 0.4257283067760536, "7": 0.419688769039081, "8": 0.3971997266349109, "9": 0.44744018896790344}, "neg": {"3": 0.5479679356252215, "4": 0.47142603207985506, "5": 0.46907835099930395, "6": 0.5307038349380588, "7": 0.47140947438906017, "8": 0.5615548314321048, "9": 0.5544951623141846}}, "\u5b89\u88c5\u670d\u52a1": {"pos": {"3": 0.22633431420190728, "4": 0.2326069876747314, "5": 0.2359261202693066, "6": 0.22885951440266364, "7": 0.21805249647923408, "8": 0.24527085253208333, "9": 0.22887754717499473}, "neg": {"3": 0.37786781009053455, "4": 0.32830340645536676, "5": 0.3398618393026061, "6": 0.36820609910495694, "7": 0.35910629041734193, "8": 0.3869826699753569, "9": 0.33074681980204873}}, "\u8017\u80fd\u60c5\u51b5": {"pos": {"3": 0.2190388912309411, "4": 0.24798462916458608, "5": 0.2544376030649304, "6": 0.24957204618461729, "7": 0.2814196956838573, "8": 0.23333252404334848, "9": 0.26261125496888266}, "neg": {"3": 0.4744006714982554, "4": 0.49057288422365486, "5": 0.5101061298479789, "6": 0.5106293806415169, "7": 0.4944282658932422, "8": 0.5014707262169131, "9": 0.4715249682637464}}, "\u52a0\u70ed\u901f\u5ea6": {"pos": {"3": 0.26925841520503874, "4": 0.27371949113222543, "5": 0.25189793209680056, "6": 0.27542441255994726, "7": 0.2586096838253753, "8": 0.2824226425227465, "9": 0.2678243412773247}, "neg": {"3": 0.5648716193239817, "4": 0.5693628951414064, "5": 0.5722865245993031, "6": 0.5542796714656331, "7": 0.5372447927533777, "8": 0.4995915428470042, "9": 0.5082037226863197}}, "\u6d17\u6d74\u65f6\u95f4": {"pos": {"3": 0.23780572415480453, "4": 0.24540503225603655, "5": 0.2856292302711586, "6": 0.25291487311363603, "7": 0.31295340687783085, "8": 0.3078671645736079, "9": 0.3121673766778737}, "neg": {"3": 0.5256144317797412, "4": 0.5099278648576382, "5": 0.49725856937835405, "6": 0.4336497626259068, "7": 0.4447299498741256, "8": 0.46571154475058857, "9": 0.4618545164802892}}, "\u5176\u4ed6\u7279\u8272": {"pos": {"3": 0.20668414707368807, "4": 0.28352899709584245, "5": 0.2734865718499973, "6": 0.2728375142116653, "7": 0.2691478558729475, "8": 0.30933145597284334, "9": 0.25276127168202445}, "neg": {"3": 0.39690367658492837, "4": 0.4050041998715004, "5": 0.4280747644132539, "6": 0.41562897986890235, "7": 0.4075699480672329, "8": 0.397657298301395, "9": 0.3897152824510814}}, "\u603b\u4f53\u8bc4\u8bba": {"pos": {"3": 0.5730147857172037, "4": 0.6002490435676279, "5": 0.5922036608779723, "6": 0.6111861745585365, "7": 0.5377522507816855, "8": 0.5868063784885482, "9": 0.573725817319835}, "neg": {"3": 0.41943145107559404, "4": 0.4428395613481183, "5": 0.4335388546246164, "6": 0.4703892910324668, "7": 0.4014031396978882, "8": 0.45510331778764784, "9": 0.4489403879956659}}}